time,x,y,size_inv,roll,pitch,thrust,yaw
0.012599945068359375,123,44,3522.019622634466,1492.0450000000001,1493.0,1350,1500.0
